{"q_table": {"6,10|0,12": [43.580927550850696, 82.70344949672759, -99.82029897000855, -99.85444216570693], "7,10|0,12": [-3.456283129862835, 67.22813118843233, -3.468469168561301, -3.396226163298548], "7,11|0,12": [-2.7835097891151506, 3.770969804212132, -74.58134171671, -2.7918531121565686], "8,10|0,12": [-2.895247876105704, -2.857198844114467, -2.8933220463451987, -2.899754054734531], "9,10|0,12": [-2.5340781320208827, -2.5438849552598515, -2.5128971871210024, -2.580327819026698], "9,9|0,12": [-2.4045709552752226, -2.42090674791947, -2.5049645545239976, -2.4703804788465944], "7,12|0,12": [-2.3728804429348447, -2.351281136104255, -2.1857624316616038, -2.2303337076625573], "8,9|0,12": [-2.6461455929379145, -2.6816014385217355, -2.6772839653848766, -2.708544778509669], "8,11|0,12": [-2.6739103264259163, -2.6107352225307947, -2.6527963564663253, -2.6011539008641855], "7,9|0,12": [-2.94920713032673, -2.9620488326477026, 81.65359049924649, -2.8818897584787817], "6,9|0,12": [57.07280347043881, -97.97244404095547, 84.54893888558348, 56.26049762566148], "10,9|0,12": [-2.262297903892174, -2.2639432427739625, -2.3577317099619948, -2.2793399818449442], "10,8|0,12": [-4.739999619798089, -2.0730216069466407, -2.1270472063843338, -2.184255230962824], "11,9|0,12": [-2.1385484320601016, -3.895206267590257, -2.1552186975923804, -2.0970852799014774], "9,11|0,12": [-2.4696725126258086, -2.4354357839018093, -2.473503773490326, -2.466340428761756], "10,10|0,12": [-2.4199890171865728, -2.4310782705607825, -2.4264385339436156, -4.723355278149013], "10,11|0,12": [-2.12855210892666, -2.1892156210220115, -2.1587089200306635, -2.167408090117623], "10,12|0,12": [-2.1629049137804754, -2.1269766273477413, -2.2192833726873853, -2.112033463060211], "11,12|0,12": [-56.953279, -2.0685480852523925, -1.9899358413784745, -2.051911739382104], "11,11|0,12": [-2.085296984420363, -2.102560384887526, -2.118063586003269, -2.0630596174680043], "11,10|0,12": [-2.1535882873327568, -2.1625586809258848, -2.2379906774140923, -2.118182667720604], "12,10|0,12": [-2.048522264512045, -2.099752723398531, -2.0157864842617674, -2.030850092034929], "13,10|0,12": [-4.510753567387519, -1.976305038715024, -2.068028348382014, -1.8723820811244196], "13,11|0,12": [-1.9347344535038744, -1.884433119730954, -1.9512254927946335, -1.8805220717237308], "13,9|0,12": [-2.2011613276561937, -34.39, -2.0403281819370305, -2.0154187003240702], "12,9|0,12": [-2.018305770926775, -2.0367132790898856, -1.9738375977843088, -2.010715749940963], "7,13|0,12": [-3.4076559423571857, -2.102899767802692, -2.0632000275373974, -2.0464682254562057], "6,13|0,12": [-1.8901663585764583, -1.6129603837496056, -1.624492395637098, -1.66179545204436], "6,12|0,12": [-1.7306627011308684, -61.2579511, -0.9578663421079507, -1.6254646194556388], "5,9|0,12": [74.39943800456943, 42.057681861692735, 86.41306958139751, -95.28987130275377], "5,8|0,12": [-46.8559, -2.1914019663659126, -2.093683852194137, 69.25751118574546], "4,8|0,12": [-1.8283521511759513, -1.6988635123832574, 39.033944953531716, -6.226675040352072], "4,7|0,12": [-1.5407656725935475, -1.5984803640074472, -1.5957349875119058, -1.5373704513412494], "3,7|0,12": [-1.2952489670620215, -1.2527226878501116, 0.46416877621511166, -1.262004740252802], "3,8|0,12": [-1.3968361423122342, -1.383221086575612, 78.40757631853376, -1.1718151903101603], "2,8|0,12": [-0.9644344960026354, -0.500571385908619, -0.8882724933343693, 89.8028959587381], "4,9|0,12": [62.28860354812839, 12.292389116501315, 88.29602988019957, 45.84036631942247], "3,9|0,12": [61.17058307228681, 44.10974945585744, 90.19800997999963, 67.02989112807813], "8,13|0,12": [-2.095282327128319, -2.170550732201484, -2.1490374393097826, -2.1289020516839146], "9,13|0,12": [-1.9835803267820338, -2.0872911023315646, -2.0455258329746453, -2.062242179965592], "9,14|0,12": [-2.0395347880006756, -2.107811514113889, -2.071470535384594, -2.42615261109383], "10,14|0,12": [-2.054901997242662, -2.1064025525775136, -2.0342914714681886, -2.909981037065204], "10,13|0,12": [-2.0274948432114526, -2.057008794398885, -2.099499217774191, -2.0542295371191277], "11,13|0,12": [-2.587452551602585, -2.000026468013292, -2.0758055754545275, -2.0255616871436084], "11,14|0,12": [-3.914653295746329, -2.0158384254125403, -2.070712855187621, -2.2674886469951], "8,14|0,12": [-2.1204053818267035, -2.10444275184528, -2.0500031499303097, -2.8750758547631765], "7,14|0,12": [-2.0552634917574433, -1.965143383889137, -1.856548055473378, -2.6251150900680864], "8,12|0,12": [-2.3618935960755723, -2.379648982041009, -2.4116244886139335, -2.3976128633710716], "5,13|0,12": [-1.2507567024898427, -1.2852550153804292, -1.2102117318625405, -1.2981306434620659], "4,13|0,12": [-0.845299551281115, -0.24725982450433215, -0.8462726150931911, -0.819312347121202], "4,14|0,12": [-0.7157375896080804, -0.58294582561, -0.6649741244251001, -2.153099336486], "5,14|0,12": [-1.491149294431337, -1.5439886930139843, -5.500724100000001, -2.716612652746939], "6,14|0,12": [-1.7306135106301412, -1.6313985384307996, -1.6886867741324092, -1.8941323281283606], "9,12|0,12": [-2.3630727000479297, -2.4292990264227226, -2.455908833705914, -4.642530208852634], "7,8|0,12": [-2.4646982394799557, -2.4589891882108357, -71.7570463519, -2.538480778392646], "9,8|0,12": [-2.233589916512339, -2.181789683504022, -2.2521740390938843, -2.179532022123188], "10,7|0,12": [-1.8024218965551169, -6.625313352371016, -1.896341354642042, -1.860065666128999], "10,6|0,12": [-1.529503522881052, -1.5985215901194203, -1.536199171547228, -1.6049006994945287], "10,5|0,12": [-1.3423012333624338, -1.3282992111185474, -1.3196794032203105, -1.3416524787551372], "11,5|0,12": [-1.2044990183803268, -1.239159200167694, -1.2396909685896975, -1.1945710757953298], "12,5|0,12": [-1.1660050171777696, -1.1395236670557136, -1.1472587259635272, -1.3165765273177834], "12,4|0,12": [-4.669371610602188, -1.2182956365416968, -1.1787791012811752, -1.2153165080756787], "13,4|0,12": [-1.018131847892096, -1.0729355202796254, -1.0973417651979016, -1.1254296589863768], "11,4|0,12": [-1.2037713081156458, -1.092735763709539, -1.16750145363778, -1.1202478823191098], "11,6|0,12": [-1.493831323055803, -6.235417222503049, -1.5961667102183899, -1.4358430940758806], "11,7|0,12": [-5.653553976239065, -1.7156602838785102, -1.7313689943892803, -3.7854540090430726], "9,7|0,12": [-1.874742870063004, -1.9012328830239817, -3.808311091266387, -1.8781530379030873], "12,11|0,12": [-2.0033860996280497, -2.0004936741431463, -2.0361534345428076, -27.1], "14,11|0,12": [-2.232095997535066, -2.9372349174633063, -1.8502668789897865, -1.9706069634099617], "14,12|0,12": [-2.383603170705735, -1.9045927486431238, -1.9922572384159225, -3.5017337414044194], "13,12|0,12": [-1.8908839701787894, -1.946502796394579, -40.951, -5.199294369800314], "7,7|0,12": [-5.43064534526049, -2.0105650983397494, -1.9767796623981129, -2.0535421500928517], "8,8|0,12": [-2.394050023177726, -5.611958582964731, -2.490408706935742, -2.433733883839511], "10,4|0,12": [-1.1433720844414745, -1.038540595088478, -1.1181549554161645, -1.0857942829475369], "9,5|0,12": [-1.3597347052050337, -1.3510177725858727, -1.292995821607097, -1.3322767338813402], "9,6|0,12": [-1.6406774020321733, -5.546249498253386, -1.6248097284283116, -1.5453681994190946], "12,8|0,12": [-27.1, -1.7973685153512227, -2.170009503034176, -1.7630337605646018], "12,6|0,12": [-1.4165950021654226, -1.371767718046919, -1.3681720463802434, -1.4549657252303803], "12,7|0,12": [-1.484498957800876, -1.47603153075006, -1.5386732242904642, -1.5457242750767954], "13,6|0,12": [-1.3447736015035712, -1.3056693382323725, -1.3567360251403946, -1.4032502181158093], "13,7|0,12": [-1.3385424978919747, -1.402446681843821, -1.4318774099573706, -27.1], "14,7|0,12": [-2.2200451615940064, -1.2751358412071763, -1.2797366858931025, -1.2843542674250514], "2,9|0,12": [79.204573638515, 71.2029695524069, 32.00106970677845, 92.11920199999969],