{"q_table": {"6,7|5,5": [19.45973781272925, 55.870269385698094, 96.01169495209558, 34.71542325832415], "5,7|5,5": [93.9711530080573, 97.99999999999989, 93.84688189434802, 92.85537526360517], "6,8|5,5": [-0.5951468163753871, 73.16948807866203, 31.249094084410128, 1.289935017890369], "5,8|5,5": [28.46266164192378, 95.81552205645421, 23.99077734462562, 41.57131598599677], "7,8|5,5": [-0.6567599989, 0.5774413524843522, 4.935036056169915, -0.829477708171364], "7,9|5,5": [-0.70569420198319, -0.6426138928273203, -0.639545844966751, -0.7127657082100001], "7,10|5,5": [-0.4744415458000001, -0.5477762972701, -2.5170342000000003, -0.4435561], "8,10|5,5": [-0.5610772909, -0.6697372350335321, -0.3309742, -0.48923119000000004], "8,9|5,5": [-0.43750345681, -0.54384949, -0.6417954901595451, -0.7699541539944701], "8,8|5,5": [-0.5213161000000001, -0.63135849691, -0.36927230610404915, -0.5798953], "8,7|5,5": [-2.8652752629481446, -0.50910049, 5.427945334673664, -0.7095830400099999], "9,9|5,5": [-1.6570816539000002, -0.4038742, -0.42397635590020005, -0.37693116190000003], "9,8|5,5": [-0.28090000000000004, -1.6537200000000003, -0.51238585, -0.36271000000000003], "10,8|5,5": [-0.5347702, -0.271, -0.20881, -2.4758700000000005], "11,8|5,5": [-2.4758700000000005, -0.46855900000000006, -0.43633900000000003, -0.41941000000000006], "7,7|5,5": [-0.18668108844178521, -0.18330242390020893, 52.1955634934627, -0.5196945106251403], "10,7|5,5": [-0.271, -0.43723, -1.1508801000000002, -0.297829], "10,6|5,5": [-0.28090000000000004, -0.19, -0.19990000000000002, -0.19990000000000002], "11,6|5,5": [-0.29872000000000004, -0.1, -0.1099, -0.19], "11,7|5,5": [-0.19, 0.0, -0.5157677539000001, -0.42454539999999996], "9,6|5,5": [-0.1, -0.5347702000000001, -0.37072900000000003, -2.0902290000000003], "8,6|5,5": [-0.43633900000000003, -0.578868463, 5.385345461291667, -0.5922643478389237], "7,6|5,5": [0.09098874663939654, -0.2707536249100002, 29.722533271300367, 0.08123676607740138], "7,5|5,5": [-0.6666999139, -0.36271000000000003, 6.724024099999999, -0.21892343861889996], "6,5|5,5": [-0.20872900000000003, -0.42832000000000003, 56.953279, 9.910212274380786], "6,6|5,5": [10.61753234270587, 16.00661159631882, 97.8563502466971, 47.326347871674514], "6,4|5,5": [-0.1099, -0.19, 3.2300000000000004, -0.141151862431], "5,4|5,5": [-0.11080000000000001, 0.0, 0.0, 27.1], "8,5|5,5": [-0.5275531, -0.496279, -0.504298, -0.50910049], "9,5|5,5": [-0.271, -27.1, -0.47837727100000005, -0.3779461], "10,5|5,5": [-0.19, 0.0, -0.29167219, -0.20881], "4,7|5,5": [95.99424388833152, 67.65470171980208, 35.518690627851846, 24.7093447595267], "3,7|5,5": [69.76924015451513, 8.6788991845449, 0.2648342458806565, 3.840023161405199], "2,7|5,5": [13.54868257484403, -0.39728753967255825, -0.45424810000000004, -0.6440863339000001], "1,7|5,5": [-0.2177302294321708, -0.29872000000000004, -0.46314919000000004, -0.44711119], "1,6|5,5": [-0.46029887009650516, -0.34390000000000004, -0.37348219000000005, -0.306739], "1,5|5,5": [-1.1400000000000001, -1.1400000000000001, -0.1099, -0.389333971], "0,6|5,5": [-0.405550171, -0.41941000000000006, -1.39260119, -0.4839184], "0,5|5,5": [-0.1, -0.37072900000000003, -3.2566077995000002, -0.38952019000000004], "0,7|5,5": [-0.38061910000000004, -0.5697115669, -2.42921408, -0.5158551610000001], "0,8|5,5": [-0.529076524429, -5.1360235777000005, -1.3649, -0.30673900000000004], "2,8|5,5": [-0.0345856358745435, -0.24244299404012448, -0.59233366891, -0.542638621], "3,8|5,5": [0.6893286377879349, 19.16032503628375, -0.37315406795157985, -0.07222835749456549], "4,8|5,5": [27.853991007002847, 65.98277052465338, 1.3449842162947203, 1.2014780192191048], "4,9|5,5": [-3.3668645873776484, 17.89670518322443, -0.49431006184971127, -0.3595509558716022], "4,10|5,5": [-0.19990000000000002, 2.279192662733486, -0.21771999999999997, -0.5316031000000001], "4,11|5,5": [-0.496279, -0.1, -0.652407472, -0.271], "4,12|5,5": [-1.64481, -0.1, -0.36271000000000003, -0.40951000000000004], "3,12|5,5": [-0.42832000000000003, -0.271, -0.1, -0.1], "3,11|5,5": [-0.5316031000000001, -0.19990000000000002, -0.271, -0.271], "4,13|5,5": [-19.0, -0.19990000000000002, -0.34390000000000004, 0.0], "3,9|5,5": [2.500227184054863, -0.36271000000000003, -0.4631411710000001, -0.28090000000000004], "3,10|5,5": [-0.271, -0.306739, -0.34390000000000004, -0.20881], "5,11|5,5": [-0.37348219000000005, -0.271, -0.271, -1.6537200000000003], "5,10|5,5": [-1.1499000000000001, -0.6000000000000001, -0.34390000000000004, -0.1], "3,13|5,5": [-0.19, -0.19, -0.19, 0.0], "2,12|5,5": [-0.1099, -0.1, 0.0, -0.1], "2,11|5,5": [-5.271000000000001, -0.1, -0.1, -0.19], "6,11|5,5": [-0.271, -2.4911061000000005, -0.306739, -0.40951000000000004], "7,11|5,5": [-0.19, -0.38863810000000004, -0.28981, -0.28090000000000004], "6,12|5,5": [-0.28090000000000004, -0.37072900000000003, -0.6000000000000001, -0.1], "7,12|5,5": [-0.19, -0.19990000000000002, -5.3439000000000005, -0.1], "7,13|5,5": [-0.1, -0.1, 0.0, -0.1], "6,9|5,5": [-0.8096966170229801, 19.265429984069506, -4.973646608634708, -4.777998102572727], "4,6|5,5": [97.93518826361537, 52.63169861423602, 29.27202020767725, 47.65261264987955], "5,6|5,5": [95.14955439778221, 99.99999999999994, 95.47800288342236, 95.88867704466023], "4,5|5,5": [81.4697981114816, 22.0150186524822, 8.053452973056523, 17.053696888955997], "2,10|5,5": [-0.43909219, -0.1, -0.19990000000000002, -0.19], "8,11|5,5": [-0.43819941691000003, -0.31267644580000004, -0.21771999999999997, -0.28090000000000004], "9,11|5,5": [-0.28090000000000004, -0.34390000000000004, -0.300485071, -0.19990000000000002], "9,10|5,5": [-0.34390000000000004, -0.33512884390000003, -0.56559453211, -0.29079010000000005], "10,10|5,5": [-0.3538, -0.6000000000000001, -0.1224451909, -0.19], "11,10|5,5": [-0.271, -0.19990000000000002, -0.1, -0.19], "11,9|5,5": [-0.1, -0.5412655900000001, -2.0733, -0.19], "12,9|5,5": [-0.1, -0.6000000000000001, -0.19990000000000002, -0.1], "12,7|5,5": [-0.19, -0.29872000000000004, -0.1, -1.1499000000000001], "12,6|5,5": [-0.34390000000000004, -0.28090000000000004, -0.28090000000000004, -0.19], "13,6|5,5": [-0.19990000000000002, -0.19, -0.19990000000000002, -0.1], "12,5|5,5": [-0.271, -0.1, -0.19, -0.37072900000000003], "13,7|5,5": [-0.1, 0.0, -0.19990000000000002, -0.1], "14,7|5,5": [-0.5, -0.1, -0.1, 0.0], "14,6|5,5": [-1.37381, -0.271, -0.19, -0.1], "14,5|5,5": [0.0, 0.0, -0.28090000000000004, -0.28981], "11,11|5,5": [0.0, -5.19891, -0.19, -0.1], "10,11|5,5": [-0.271, -0.19, -0.1, -0.34390000000000004], "10,12|5,5": [-0.1, -0.271, -0.37072900000000003, -0.37072900000000003], "10,13|5,5": [-0.271, -0.271, -0.19, -0.19], "10,14|5,5": [-0.19, -0.19, -5.1000000000000005, 0.0], "3,6|5,5": [58.537048983120044, 4.936624054754471, -0.44037106358841366, 10.429908963044387], "2,6|5,5": [1.637428004814243, -4.399914071773648, -0.472042261, -0.005448718113598816], "1,8|5,5": [-0.4631411710000001, -0.50428666, -0.4534462, -0.5736583000000001], "0,4|5,5": [-2.8518954900000004, -0.19, -2.06636, -0.271], "0,3|5,5": [-0.19, 0.0, 0.0, -0.1], "0,9|5,5": [-0.3237571, -0.408108232, -0.5, -0.271], "0,10|5,5": [-0.19, -0.29176921990000004, -0.5, 0.0], "1,10|5,5": [-0.19, -0.3538, -0.19, -0.1], "1,9|5,5": [-0.37348219000000005, -0.47683192951000003, -0.37357921990000004, -0.34390000000000004], "1,11|5,5": [-0.1, -0.1, 0.0, 0.0], "2,13|5,5": [-0.1, 0.0, 0.0, -0.271], "2,14|5,5": [-0.1, 0.0, -0.19, 0.0], "1,14|5,5": [0.0, -0.1, -0.1, 0.0], "0,14|5,5": [0.0, -0.271, -1.355, -0.5], "0,13|5,5": [-0.1, -0.19, -0.5, -0.19], "0,12|5,5": [-10.0, 0.0, -0.95, -0.1], "8,12|5,5": [-0.28981, -0.19, -0.20881, -0.1], "9,12|5,5": [-0.271, -0.271, -0.19, -0.271], "12,10|5,5": [0.0, -0.19, -0.1, -10.0], "1,13|5,5": [-0.1, 0.0, -0.1, 0.0], "3,14|5,5": [-0.1, 0.0, 0.0, -0.5], "4,14|5,5": [0.0, -0.1, 0.0, -0.5], "3,5|5,5": [32.35071869443997, -0.2877446458, 0.12219879620999985, 3.7323147558129808], "9,13|5,5": [-0.19990000000000002, -0.20881, 0.0, -0.19], "11,13|5,5": [0.0, -0.19, -0.19990000000000002, -0.19],