{"q_table": {"1,4|1,10": [81.01982894530724, 82.40208724211602, 79.21458081961788, 90.19800997999963], "1,3|1,10": [75.02194908779133, 72.1835584073055, 67.19415815251591, 88.29602988019957], "0,4|1,10": [33.60152000328597, 14.938733289940576, 8.810969591877036, 86.7338320254499], "0,3|1,10": [81.79579740553307, 1.9994650355691288, 4.869941526710421, 18.79773526219984], "0,2|1,10": [31.434365051104034, -2.78762390018593, -4.958971684587746, -2.8168585879662724], "0,1|1,10": [-2.669471260495255, -4.000760122885728, -5.655463394754948, -1.8189894203442902], "1,1|1,10": [-2.6732718188955595, -7.602572205918141, -2.7577170131650655, 23.854129889282877], "2,1|1,10": [-2.267338968100173, -2.389899644093974, -2.6209879536714387, -2.203213418421033], "2,2|1,10": [-5.2318474832403306, -2.5059952813584983, 12.14678505484096, 20.852271721999827], "2,3|1,10": [-1.909631997951172, 1.6767407747686804, 18.93366082107623, 84.30733089891713], "2,4|1,10": [3.5727221757663234, 26.972733791973404, 88.24040541688187, 38.890403313270554], "3,4|1,10": [-1.5867958986506037, -1.868394402142358, 30.5975006217364, -1.1335966505478188], "3,3|1,10": [-1.761006922956849, -1.820700488990793, 7.320763747428914, -1.7972652030392506], "1,2|1,10": [1.4016269042616023, 2.833538613456226, 0.3810577147370553, 83.88571272246925], "3,1|1,10": [-1.6503063010636292, -5.473002857211141, -2.48328097627273, -1.6573457909519156], "4,1|1,10": [-71.7570463519, -1.222635532041326, -1.614179293297343, -1.2679130691909615], "3,2|1,10": [-1.560680898988482, -1.6112672182774215, -2.2260586353321106, -1.5624029224830378], "4,2|1,10": [-81.4697981114816, -1.32407267179144, -1.449715812481024, -1.51674465380507], "1,5|1,10": [84.81022474842959, 86.9472899126278, 85.40314376217165, 92.11920199999969], "1,6|1,10": [87.23642210438993, 89.8371258190347, 84.40336035482345, 94.05979999999974], "0,5|1,10": [90.17264004931347, 23.668270696139206, 27.631445187858798, 47.23413567770111], "0,6|1,10": [91.03889659556884, 23.830996039198585, 28.73871569084315, 37.6912564155221], "0,7|1,10": [93.71688186815176, 35.63980650042835, 27.657918792624297, 20.437257331615253], "1,7|1,10": [86.85899210430345, 91.6324220997593, 89.12957660069897, 96.01999999999981], "0,8|1,10": [93.32959428631797, 28.131914954708076, 25.780220579301723, 14.786764023233264], "1,8|1,10": [90.20092592723906, 92.94960445760374, 83.07750966362401, 97.99999999999989], "2,8|1,10": [21.185702684856757, 24.20809566034514, 74.15631756883752, 95.49153042295411], "2,7|1,10": [8.737782193579102, 19.520571071756997, 92.74689513738056, 53.606830416324044], "3,7|1,10": [-0.8201910801004981, -0.726135974375694, 10.250559465580494, 31.927371294207425], "3,8|1,10": [-0.1254903561777846, 1.2046493355287833, 67.96544421311933, 3.620666812012189], "3,6|1,10": [-1.1969653392175723, -0.9355874182173355, 27.69697373558263, 0.5986399757558251], "4,6|1,10": [-1.0460391343795836, -0.9670017110898993, -1.0322799970772314, -0.8992512597511129], "5,6|1,10": [-1.191516216537542, -1.131448578784715, -0.7767791347972368, -0.7602658488186201], "6,6|1,10": [-4.464212733031873, -3.479865272543341, -1.0662560935116876, -3.8289340670851004], "6,5|1,10": [-0.85559693153329, -0.8913163374410896, -0.8541038938605325, -0.961112766282902], "7,5|1,10": [-0.5584222000000001, -0.6186392628490001, -3.7319570976545693, -2.88664395200529], "7,4|1,10": [-0.54237529, -0.63422038, -0.7645542023937348, -0.67153438821529], "8,4|1,10": [-0.5267512000000001, -0.20881, -0.5967035209, -0.22144251781000002], "9,4|1,10": [-0.3538, -4.469410000000001, -0.2818801, -2.08221], "9,3|1,10": [-0.19, -0.1, -0.28981, -0.19990000000000002], "10,4|1,10": [-0.1, -0.1, -0.3948751, -0.271], "6,4|1,10": [-0.88406282905489, -4.369502139666265, -0.9931151118260768, -0.774751044865007], "5,4|1,10": [-1.010137131610622, -1.2608864800293786, -1.418132084822736, -1.0514652051031645], "4,4|1,10": [-1.3834853145574473, -1.4884543331589508, -2.5161541866615607, -1.0226215197160684], "4,5|1,10": [-1.151077025156445, -1.3643742406063983, 2.823982611889317, -1.0778758589946968], "5,5|1,10": [-1.076153835238698, -1.072980235198664, -1.1981799596170837, -1.024976989174952], "2,5|1,10": [2.7804070947244854, 31.02151891316887, 89.5422780232366, 26.798162856941065], "2,6|1,10": [2.860172483135964, 17.958988249951737, 91.71458147906252, 23.25653267396662], "3,5|1,10": [-1.447797932411002, -0.4668321372904074, 26.526838892978695, -1.3035557842149221], "4,7|1,10": [-0.7418778769168488, -0.8182314191541378, -0.3892460731883373, -0.6100742800000001], "5,7|1,10": [-0.9710358059431001, -0.5620476428898018, -0.44878716100000005, -0.60615388], "5,8|1,10": [-0.43723, -0.40534484428038786, -0.08604503368778454, -0.41941000000000006], "5,9|1,10": [-0.1, -0.30146428000000003, -0.19, -0.1], "5,10|1,10": [-0.1, 0.0, -10.0, 0.0], "4,3|1,10": [-1.624436148535597, -1.557621203323209, -1.6823882191294977, -1.553582653196136], "4,0|1,10": [-0.9380072154512524, -2.213030110809314, -3.6395188880328018, -1.009362649868561], "2,0|1,10": [-6.143063645209007, -5.818958517366602, -6.055309082713743, -2.243026059003858], "1,9|1,10": [95.4204390389979, 95.65516169799933, 92.28625030909423, 99.99999999999994], "8,5|1,10": [-1.1499000000000001, -0.29079010000000005, -0.34476110632, -27.1], "7,3|1,10": [-0.28981, -0.34390000000000004, -0.6000000000000001, -0.63050424742], "3,9|1,10": [-0.271, 6.565876146173375, 51.24772824700306, -0.271], "4,8|1,10": [-0.5136556765204006, -0.569923553697804, 8.751593409595827, -0.19785274635142014], "2,9|1,10": [18.48510400544976, 49.61618124558069, 97.99799681020956, 61.515643222441376], "6,9|1,10": [-0.19990000000000002, -0.20881, -0.1, -0.1], "6,8|1,10": [-0.41941000000000006, -0.6024044829304956, -0.43136114540730425, -0.19], "7,8|1,10": [-0.1, -1.1400000000000001, -0.20881, -0.34390000000000004], "7,9|1,10": [-0.19, -0.19, -0.19990000000000002, -0.19], "8,9|1,10": [-0.19, -0.271, 0.0, -0.1], "8,10|1,10": [-0.1, -0.1, 0.0, -0.1], "8,8|1,10": [-0.19, -0.19, 0.0, -0.19], "9,9|1,10": [-0.1, 0.0, -0.1, -0.19], "9,10|1,10": [-0.271, -0.1, -0.1, 0.0], "10,9|1,10": [-0.1, 0.0, -0.1, 0.0], "8,7|1,10": [-0.1, -10.0, -0.6000000000000001, -0.1], "9,7|1,10": [-1.1400000000000001, 0.0, -0.1, -0.271], "9,8|1,10": [-0.1, -0.271, -0.1, 0.0], "0,0|1,10": [-8.707796694720336, -7.884715957133811, -6.879657295141015, -3.2238252898501067], "5,3|1,10": [-1.7644259713398898, -27.1, -1.6193938271566992, -4.187872080717805], "5,0|1,10": [-0.5879143, -1.4372429629999999, -0.6780061834299514, -27.1], "6,0|1,10": [-0.4694842, -0.5, -0.4147904175298002, -0.3538], "7,0|1,10": [-0.6000000000000001, -0.5, -0.38150119000000005, -0.28090000000000004], "6,1|1,10": [-0.19990000000000002, -0.21869119, -10.0, -0.19], "7,1|1,10": [-0.28090000000000004, -0.19990000000000002, -0.19, -5.1899999999999995], "7,2|1,10": [-0.28090000000000004, -0.19990000000000002, -0.1, -0.216829], "8,2|1,10": [-0.1099, -0.19990000000000002, -0.19, -0.19990000000000002], "8,3|1,10": [-0.19990000000000002, -0.19990000000000002, -0.28981, -0.2818801], "8,1|1,10": [-0.28090000000000004, -1.1400000000000001, -0.19990000000000002, -0.1], "9,1|1,10": [-0.19, -0.38159821990000004, -0.1099, -0.271], "9,2|1,10": [-0.1, -0.28090000000000004, -0.1, -0.1], "10,1|1,10": [-0.19990000000000002, -0.19990000000000002, -0.2008801, -0.1], "9,0|1,10": [-0.379639, -1.39278554681, -0.6000000000000001, -0.2008801], "11,1|1,10": [-2.0634, -0.1, -0.1, -0.34390000000000004], "10,0|1,10": [-0.28090000000000004, -0.5, -0.19990000000000002, -0.19990000000000002], "11,0|1,10": [-0.19, -0.5, -0.1, -0.19], "12,0|1,10": [-0.1, 0.0, -0.1099, 0.0], "11,2|1,10": [-0.19, -0.20881, -0.1, -0.41941000000000006], "11,3|1,10": [-0.1, -0.1, -0.19, -0.271], "12,3|1,10": [0.0, -0.1, 0.0, -0.1], "12,2|1,10": [-0.1, 0.0, -0.28981, -0.1], "12,4|1,10": [0.0, 0.0, -0.1, -0.1], "11,4|1,10": [-0.1, 0.0, -0.3538, 0.0], "4,9|1,10": [-0.1, -0.22331404050909698, 1.4752247843290895, -34.39], "10,3|1,10": [-0.19, -0.271, -0.1099, 0.0],