{"q_table": {"4,0|7,3": [-0.6273985319038639, 3.2349439449057593, 1.0152875688754426, 89.8171453159879], "4,1|7,3": [87.09672763988773, 85.97916812180378, 81.38298786391701, 92.11920199999969], "5,0|7,3": [-5.205340788767378, -3.471515479531068, 3.210134256068839, 28.65902207922417], "3,0|7,3": [-1.8926647556554437, -4.6765626955566555, -1.6498011900708853, 27.960621760736494], "3,1|7,3": [0.32709541939748776, 1.4444392363640541, -0.047959313314902774, 89.01371111642523], "2,1|7,3": [16.030345413395146, -1.2777521404173273, -1.1636445981349048, -74.58134171671], "5,1|7,3": [3.9459100256540918, 3.914893935002909, 9.39135619417704, 93.18242140124603], "4,2|7,3": [93.50788607684336, 90.01137903331099, 89.22658799620744, 94.05979999999974], "4,3|7,3": [96.01999999999981, 91.65355114165234, 87.96733612503641, 90.39654189027485], "4,4|7,3": [12.24130219518076, 93.77943158383975, -65.13215599, 3.5232366782131717], "5,4|7,3": [46.07327711649913, 95.39330447507668, 7.760224357851863, 2.2868475986996613], "5,2|7,3": [64.57976693835073, 29.228997226262475, 49.67565579457984, 96.01995322308677], "6,1|7,3": [17.246745992588053, -3.970437961009121, -1.0402325381928665, -3.378313111240124], "2,0|7,3": [0.3441335031838284, -3.751190777056895, -1.3750304338723642, -1.3926273319510858], "3,2|7,3": [92.11041155831498, 26.682367483798288, -91.13706188034752, 28.172978901909723], "3,3|7,3": [93.40570642909711, 19.335846815978833, 4.176412199181364, -56.953279], "1,1|7,3": [-1.1017876783075755, -1.0961160100076577, -1.0047444477823855, -0.9223041595598421], "0,1|7,3": [-0.9588736280266121, -1.0163164271294693, -2.4972654344659517, -0.9346924329461741], "1,0|7,3": [-1.1970339321082581, -3.6090849910708447, -1.221380088743565, -1.1224662073300464], "0,0|7,3": [-1.1412788608991664, -2.7432801905495, -3.3438163007121138, -1.1027012543486432], "1,2|7,3": [-27.1, -0.8463089339214229, -0.6239864361046776, -0.5405131000000001], "0,2|7,3": [-0.7232023090781428, -0.8019590170179047, -2.1950734302666994, -0.78424835401], "0,3|7,3": [-0.44711119000000005, -0.8207366045012638, -2.13396908, -0.52569912502], "1,3|7,3": [-0.28155973528461153, -0.3538, -0.5347702, -0.306739], "0,4|7,3": [-0.3538, -0.3663470017522, -0.5, -0.4565826217522], "0,5|7,3": [-0.2997001, -0.2955710278, -0.5, -0.38863810000000004], "0,6|7,3": [-0.28981, -0.20881, -1.3747901, -0.271], "1,6|7,3": [-0.19990000000000002, -0.30146428000000003, -0.28090000000000004, -0.19990000000000002], "1,5|7,3": [-0.38952019000000004, -0.21771999999999997, -0.2997001, -0.28981], "2,6|7,3": [-0.19990000000000002, -0.21771999999999997, -0.19990000000000002, -0.19990000000000002], "0,7|7,3": [-0.1, -0.1099, -0.5, -0.496279], "0,8|7,3": [-0.271, -0.34390000000000004, -0.9688100000000001, -0.271], "1,8|7,3": [-0.19, -0.1, -0.28981, -0.1], "2,8|7,3": [-0.19990000000000002, -0.19, -0.19, -0.1], "1,9|7,3": [-0.1, -0.1, -0.19, -0.271], "1,10|7,3": [0.0, -0.19, 0.0, -0.1], "2,9|7,3": [-0.1, -0.1, 0.0, -0.19], "2,10|7,3": [-0.19, -0.1, 0.0, -1.1400000000000001], "3,10|7,3": [-0.19, -0.1, -0.1, -0.19], "3,11|7,3": [-0.1, -0.1, -0.6000000000000001, -0.1], "4,11|7,3": [-0.1, -0.1, -0.1, 0.0], "5,11|7,3": [-0.1, 0.0, -0.1, -0.1], "4,10|7,3": [-0.1, -0.1, -0.1099, -0.1], "4,9|7,3": [-0.1, -0.1, -0.1099, -0.1], "5,10|7,3": [0.0, 0.0, 0.0, -0.1], "6,11|7,3": [-0.6000000000000001, -0.1, -0.1, -0.19], "6,12|7,3": [-0.19, -0.1, -0.1, -0.19], "6,13|7,3": [0.0, -0.1, -0.19, 0.0], "7,12|7,3": [0.0, 0.0, -0.19990000000000002, 0.0], "5,12|7,3": [-0.1099, 0.0, -19.0, 0.0], "2,3|7,3": [27.540826828511452, -19.0, -0.19, -0.34390000000000004], "7,1|7,3": [-0.9091759576829999, 1.6576819037292123, 0.6812931040721812, 44.06203924004944], "7,0|7,3": [-0.5345797447694883, -2.2608983664182745, -3.839632802407446, 10.746777846799692], "8,0|7,3": [-0.45246610000000004, -1.3678766447694883, 0.6763949093167444, -1.1588100000000003], "7,2|7,3": [3.8397183292493002, 7.973470868994106, 12.0144264078, 74.58134171671], "8,2|7,3": [0.15742451508974, 0.9384534477300001, 19.2488937119, -27.1], "5,3|7,3": [97.99999999999989, 93.54247901538012, 93.13129736377176, 90.66765719825383], "2,4|7,3": [-10.0, -0.271, -0.3078161299, -0.28090000000000004], "1,4|7,3": [-0.29872000000000004, -0.3074040517694313, -0.28981, -0.28090000000000004], "2,5|7,3": [-0.28981, -0.30058219, -0.2997001, -0.28090000000000004], "3,5|7,3": [-0.21381606858020502, -27.1, -0.28981, -0.28090000000000004], "4,5|7,3": [0.10016766799695653, 29.063826596647544, -0.42832000000000003, -0.3737430325207581], "4,6|7,3": [-0.2997001, -0.22250670896145464, -0.36271000000000003, -0.271], "3,6|7,3": [-0.28981, -0.28090000000000004, -0.19990000000000002, -0.19990000000000002], "5,6|7,3": [-0.3364494692198077, -0.29998942552, -0.30084303252075806, -0.3538], "6,6|7,3": [-0.6000000000000001, 1.200828615111236, -0.19, -10.0], "6,5|7,3": [0.33518446100000004, 34.530186678792475, -0.271, -0.20881], "5,5|7,3": [-0.34390000000000004, 22.380896185652773, -0.30283506858020504, -0.58737079], "6,3|7,3": [99.99999999999994, 92.7319499741011, 94.39846620448684, 94.2282775870997], "6,4|7,3": [21.16021595399, 97.78868144097734, 10.85429902657701, 6.87708105545542], "7,4|7,3": [-0.1, 46.8559, 20.323731591209288, 2.2254198969500005], "7,5|7,3": [-0.9030105006899999, 12.846559031000002, 0.0752578866686093, -1.1400000000000001], "9,0|7,3": [-0.271, -1.38272, -0.271, -0.43723], "10,0|7,3": [-0.28090000000000004, -0.5, -0.29872000000000004, -0.19], "9,1|7,3": [-0.19, -0.306739, -2.8695462000000003, -0.3162595865779], "10,1|7,3": [-0.11881, -0.29872000000000004, -0.19990000000000002, -0.1], "9,2|7,3": [0.0, -0.32197509999999996, 4.3991487323963, -0.1], "3,7|7,3": [-0.19, -0.1099, -0.1, -0.42832000000000003], "2,7|7,3": [-0.19, -0.1099, -0.19990000000000002, -0.19], "1,7|7,3": [-0.19990000000000002, -0.2097901, -0.1, -0.1099], "3,8|7,3": [-0.271, -0.19, -0.19990000000000002, -0.28090000000000004], "4,8|7,3": [0.0, -0.1, -0.19990000000000002, -0.1], "4,7|7,3": [-0.19990000000000002, -0.316531981, -0.271, 0.0], "0,9|7,3": [-0.36271000000000003, -0.1099, -0.5, 0.0], "1,11|7,3": [0.0, 0.0, -10.0, 0.0], "11,0|7,3": [-0.29872000000000004, -0.95, -0.21771999999999997, -0.28981], "12,0|7,3": [-0.29255428, -1.37381, -0.271, -0.28981], "12,1|7,3": [-1.1499000000000001, -0.20881, -0.28090000000000004, -0.19], "11,1|7,3": [-0.19990000000000002, -0.2097901, -0.19, -0.28090000000000004], "9,3|7,3": [-0.1, -0.1, 0.0, 0.0], "10,3|7,3": [-0.1, -0.1, -0.1, -0.1], "10,4|7,3": [-0.1, -0.1, 0.0, 0.0], "11,4|7,3": [0.0, -0.1, 0.0, 0.0], "11,3|7,3": [-0.6000000000000001, -0.1, -0.19, 0.0], "5,7|7,3": [-10.0, -0.216829, -0.19, -0.19], "10,2|7,3": [-0.1, -0.1, 0.343564649682416, 0.0], "11,2|7,3": [-0.19990000000000002, -0.19990000000000002, -0.1779661096248865, -0.1], "12,2|7,3": [-0.19, -0.20881, -0.19990000000000002, -0.6000000000000001], "13,2|7,3": [-0.28090000000000004, 0.0, -0.19990000000000002, 0.0], "14,2|7,3": [-0.5, -0.19990000000000002, -0.19, -0.19], "14,1|7,3": [-1.3649, -0.271, -0.6000000000000001, -0.1], "14,0|7,3": [-1.73831, -1.75710119, -0.39040228000000005, -0.19990000000000002], "14,3|7,3": [-0.5, -0.20881, -0.19, -0.1], "13,0|7,3": [-0.3157381, -0.95, -0.38061910000000004, -0.6000000000000001], "3,9|7,3": [-0.19, -0.1099, -0.1, -0.19], "5,9|7,3": [-0.1, 0.0, 0.0, 0.0], "6,9|7,3": [0.0, 0.0, 0.0, -0.1], "6,10|7,3": [-0.6000000000000001, 0.0, 0.0, -0.19], "5,13|7,3": [-0.1, -0.1, 0.0, 0.0], "5,8|7,3": [-0.1, -0.1099, 0.0, 0.0], "8,4|7,3": [-0.1, 0.0, 0.0, 0.0], "9,4|7,3": [-0.1, 0.0, 0.0, 0.0], "3,12|7,3": [-10.0, 0.0, -0.19, 0.0], "2,12|7,3": [-0.19, 0.0, 0.0, 0.0], "6,8|7,3": [-0.1, 0.0, 0.0, 0.0], "7,8|7,3": [-0.1, 0.0, 0.0, 0.0], "8,8|7,3": [-0.1, 0.0, 0.0, 0.0], "9,8|7,3": [-0.1, 0.0, 0.0, 0.0], "10,8|7,3": [-0.1, 0.0, 0.0, 0.0], "11,8|7,3": [0.0, 0.0, 0.0, -0.1], "11,9|7,3": [-0.1, 0.0, 0.0, -0.1], "11,10|7,3": [0.0, -0.1, 0.0, 0.0], "12,9|7,3": [-0.1, 0.0, 0.0, 0.0], "13,9|7,3": [-0.1, -0.1099, 0.0, -0.1], "14,9|7,3": [-0.5, -0.1, 0.0, 0.0],